{
	"credit": "Made with Blockbench",
	"textures": {
		"1": "jagermeister"
	},
	"elements": [
		{
			"from": [5, 0, 7],
			"to": [10, 7, 10],
			"rotation": {"angle": 0, "axis": "y", "origin": [9, 0, 7]},
			"faces": {
				"north": {"uv": [0, 0, 5, 7], "texture": "#1"},
				"east": {"uv": [0, 8, 3, 15], "texture": "#1"},
				"south": {"uv": [5, 0, 10, 7], "texture": "#1"},
				"west": {"uv": [3, 8, 6, 15], "texture": "#1"},
				"up": {"uv": [11, 11, 6, 8], "texture": "#1"},
				"down": {"uv": [15, 0, 10, 3], "texture": "#1"}
			}
		},
		{
			"from": [6.5, 7, 7.5],
			"to": [8.5, 10, 9.5],
			"rotation": {"angle": 0, "axis": "y", "origin": [6.5, 7, 6.5]},
			"faces": {
				"north": {"uv": [12, 10, 14, 13], "texture": "#1"},
				"east": {"uv": [14, 10, 16, 13], "texture": "#1"},
				"south": {"uv": [12, 10, 14, 13], "texture": "#1"},
				"west": {"uv": [14, 10, 16, 13], "texture": "#1"},
				"up": {"uv": [15, 5, 13, 3], "texture": "#1"},
				"down": {"uv": [15, 3, 13, 5], "texture": "#1"}
			}
		},
		{
			"from": [6.25, 6.75, 7.25],
			"to": [8.75, 10.25, 9.75],
			"rotation": {"angle": 0, "axis": "y", "origin": [6.5, 7, 6.5]},
			"faces": {
				"north": {"uv": [11, 4, 13, 7], "texture": "#1"},
				"east": {"uv": [7, 12, 9, 15], "texture": "#1"},
				"south": {"uv": [11, 4, 13, 7], "texture": "#1"},
				"west": {"uv": [7, 12, 9, 15], "texture": "#1"},
				"up": {"uv": [14, 10, 12, 8], "texture": "#1"},
				"down": {"uv": [12, 12, 10, 14], "texture": "#1"}
			}
		}
	],
	"display": {
		"thirdperson_righthand": {
			"rotation": [0, -63, 0],
			"translation": [0, 4.75, 0],
			"scale": [0.8, 0.8, 0.8]
		},
		"thirdperson_lefthand": {
			"rotation": [0, -63, 0],
			"translation": [-0.75, 4.75, 0],
			"scale": [0.8, 0.8, 0.8]
		},
		"firstperson_righthand": {
			"rotation": [0, -52.75, 0],
			"translation": [7, 4, -3.25]
		},
		"firstperson_lefthand": {
			"rotation": [0, -52.75, 0],
			"translation": [5.75, 4, -3.25]
		},
		"ground": {
			"rotation": [-90, 0, 0],
			"translation": [0.5, -1.25, -4]
		},
		"gui": {
			"rotation": [15.25, 37, 0],
			"translation": [0, 3, 0]
		},
		"fixed": {
			"rotation": [-90, 0, 0],
			"translation": [0, 0, -16],
			"scale": [2, 2, 2]
		}
	}
}