{
	"credit": "__Medved",
	"parent": "potion",
	"texture_size": [64, 64],
	"textures": {
		"4": "./glazz"
	},
	"elements": [
		{
			"from": [5, 0, 6],
			"to": [10, 4, 11],
			"faces": {
				"north": {"uv": [6, 3, 11, 7], "texture": "#4"},
				"east": {"uv": [6, 3, 11, 7], "texture": "#4"},
				"south": {"uv": [6, 3, 11, 7], "texture": "#4"},
				"west": {"uv": [6, 3, 11, 7], "texture": "#4"},
				"up": {"uv": [11.1, 5, 16, 9.95], "texture": "#4"},
				"down": {"uv": [1, 1, 6, 6], "texture": "#4"}
			}
		},
		{
			"from": [5, 3, 6],
			"to": [10, 3, 11],
			"faces": {
				"north": {"uv": [5.9, 11, 11.25, 12], "texture": "#4"},
				"east": {"uv": [5, 11, 10.25, 12], "texture": "#4"},
				"south": {"uv": [7, 0, 12, 1], "texture": "#4"},
				"west": {"uv": [8, 15, 13.25, 16], "texture": "#4"},
				"up": {"uv": [1, 6, 6, 11], "texture": "#4"},
				"down": {"uv": [11.1, 0, 16, 4.95], "texture": "#4"}
			}
		}
	],
	"display": {
		"thirdperson_righthand": {
			"rotation": [68.5, 0, 0],
			"translation": [0.25, 3.5, 4.75],
			"scale": [0.9, 0.9, 0.9]
		},
		"thirdperson_lefthand": {
			"rotation": [67.5, 0, 0],
			"translation": [-0.5, 3.75, 5],
			"scale": [0.9, 0.9, 0.9]
		},
		"firstperson_righthand": {
			"translation": [0, 8.25, 0]
		},
		"firstperson_lefthand": {
			"translation": [0, 8.25, 0]
		},
		"ground": {
			"translation": [0, 5.25, 0]
		},
		"gui": {
			"rotation": [35.54, -17.8, 8.61],
			"translation": [-0.25, 5.25, 0]
		},
		"head": {
			"translation": [-1.5, 9.25, 0],
			"scale": [4, 0.39258, 4]
		},
		"fixed": {
			"rotation": [-90.5, 0, 0],
			"translation": [0, -0.25, -16],
			"scale": [2, 2, 2]
		}
	}
}