{
	"credit": "by __Medved",
	"textures": {
		"1": "./pustocard",
		"2": "./5",
		"particle": "./pustocard"
	},
	"elements": [
		{
			"from": [5, 0, 8],
			"to": [11, 9, 8],
			"faces": {
				"north": {"uv": [2.75, 0, 13.25, 16], "texture": "#2"},
				"east": {"uv": [2.75, 0, 7.25, 16], "texture": "#2"},
				"south": {"uv": [0, 0, 0, 0], "texture": "#2"},
				"west": {"uv": [2.75, 0, 7.25, 16], "texture": "#2"},
				"up": {"uv": [2.75, 0, 13.25, 9], "texture": "#2"},
				"down": {"uv": [2.75, 0, 13.25, 9], "texture": "#2"}
			}
		},
		{
			"from": [5, 0, 8.1],
			"to": [11, 9, 8.1],
			"faces": {
				"north": {"uv": [0, 0, 0, 0], "texture": "#1"},
				"east": {"uv": [0, 0, 0, 9], "texture": "#1"},
				"south": {"uv": [2.75, 0, 13.25, 16], "texture": "#1"},
				"west": {"uv": [0, 0, 0, 9], "texture": "#1"},
				"up": {"uv": [0, 0, 6, 0], "texture": "#1"},
				"down": {"uv": [0, 0, 6, 0], "texture": "#1"}
			}
		}
	],
	"display": {
		"thirdperson_righthand": {
			"rotation": [0, 180, 0],
			"translation": [0, 7.75, 0.75],
			"scale": [0, 0, 1]
		},
		"thirdperson_lefthand": {
			"rotation": [0, 180, 0],
			"translation": [0, 7.75, 0.75],
			"scale": [0, 0, 1]
		},
		"firstperson_righthand": {
			"rotation": [0, 180, 0],
			"translation": [0, 8, 0]
		},
		"firstperson_lefthand": {
			"rotation": [0, 180, 0],
			"translation": [0, 8, 0]
		},
		"ground": {
			"translation": [0, 7, 0]
		},
		"gui": {
			"rotation": [0, 180, 0],
			"translation": [0, 6.75, 0],
			"scale": [2, 2, 2]
		},
		"fixed": {
			"translation": [0, 10.5, -0.25],
			"scale": [3, 3, 3]
		}
	}
}