{
	"credit": "__Medved",
	"textures": {
		"0": "./glazz",
		"particle": "./glazz"
	},
	"elements": [
		{
			"from": [6, 3, 6],
			"to": [11, 3, 11],
			"faces": {
				"north": {"uv": [2, 3, 5, 5], "texture": "#0"},
				"east": {"uv": [2, 3, 5, 5], "texture": "#0"},
				"south": {"uv": [2, 3, 5, 5], "texture": "#0"},
				"west": {"uv": [2, 3, 5, 5], "texture": "#0"},
				"up": {"uv": [2, 3, 7, 8], "texture": "#0"},
				"down": {"uv": [5, 3, 8, 6], "texture": "#0"}
			}
		},
		{
			"from": [4, 1.5, 8.5],
			"to": [6, 3.5, 8.5],
			"faces": {
				"north": {"uv": [0, 2, 2, 4], "texture": "#0"},
				"east": {"uv": [0, 0, 0, 2], "texture": "#0"},
				"south": {"uv": [0, 0, 2, 2], "texture": "#0"},
				"west": {"uv": [0, 0, 0, 2], "texture": "#0"},
				"up": {"uv": [0, 0, 2, 0], "texture": "#0"},
				"down": {"uv": [0, 0, 2, 0], "texture": "#0"}
			}
		},
		{
			"from": [6, 1, 6],
			"to": [11, 4, 11],
			"faces": {
				"north": {"uv": [4, 0, 9, 3], "texture": "#0"},
				"east": {"uv": [4, 0, 9, 3], "texture": "#0"},
				"south": {"uv": [8, 0, 13, 3], "texture": "#0"},
				"west": {"uv": [8, 0, 13, 3], "texture": "#0"},
				"up": {"uv": [8, 3, 13, 8], "texture": "#0"},
				"down": {"uv": [0, 8, 5, 13], "texture": "#0"}
			}
		},
		{
			"from": [7.5, 0, 7.5],
			"to": [9.5, 1, 9.5],
			"faces": {
				"north": {"uv": [13, 1, 15, 2], "texture": "#0"},
				"east": {"uv": [12, 1, 14, 2], "texture": "#0"},
				"south": {"uv": [13, 1, 15, 2], "texture": "#0"},
				"west": {"uv": [12, 1, 14, 2], "texture": "#0"},
				"up": {"uv": [14, 3, 16, 5], "texture": "#0"},
				"down": {"uv": [14, 3, 16, 5], "texture": "#0"}
			}
		},
		{
			"from": [6.5, 0, 6.5],
			"to": [10.5, 0, 10.5],
			"faces": {
				"north": {"uv": [13, 1, 15, 2], "texture": "#0"},
				"east": {"uv": [12, 1, 14, 2], "texture": "#0"},
				"south": {"uv": [13, 1, 15, 2], "texture": "#0"},
				"west": {"uv": [13, 1, 15, 2], "texture": "#0"},
				"up": {"uv": [13.5, 0.5, 15.5, 2.5], "texture": "#0"},
				"down": {"uv": [13.5, 0.5, 15.5, 2.5], "texture": "#0"}
			}
		}
	],
	"display": {
		"thirdperson_righthand": {
			"rotation": [70, 90, 0],
			"translation": [0, 4.25, 5.25],
			"scale": [0.9, 0.9, 0.9]
		},
		"thirdperson_lefthand": {
			"rotation": [70, -90, 0],
			"translation": [0, 4.25, 4.75],
			"scale": [0.9, 0.9, 0.9]
		},
		"firstperson_righthand": {
			"rotation": [0, 90, 0],
			"translation": [0, 7.5, 0]
		},
		"firstperson_lefthand": {
			"rotation": [0, -90, 0],
			"translation": [1, 7.5, 0]
		},
		"ground": {
			"translation": [0, 6, 0]
		},
		"gui": {
			"rotation": [-146, 18, -180],
			"translation": [0, 4.75, 0]
		},
		"head": {
			"rotation": [180, 0, 0],
			"translation": [-1.5, -20.75, 0],
			"scale": [4, 4, 4]
		},
		"fixed": {
			"rotation": [-90, 0, 0],
			"translation": [0, 0, -16.25],
			"scale": [2, 2, 2]
		}
	}
}