{
	"credit": "__Medved",
	"texture_size": [64, 64],
	"textures": {
		"0": "./glazz",
		"particle": "./glazz"
	},
	"elements": [
		{
			"from": [6, 0, 6],
			"to": [10, 0, 10],
			"faces": {
				"north": {"uv": [0, 8, 1, 11], "rotation": 90, "texture": "#0"},
				"east": {"uv": [12, 4, 15, 5], "texture": "#0"},
				"south": {"uv": [15.1, 2, 16, 5], "rotation": 90, "texture": "#0"},
				"west": {"uv": [13, 4, 16, 5], "texture": "#0"},
				"up": {"uv": [0, 3, 4, 7], "texture": "#0"},
				"down": {"uv": [0, 3, 4, 7], "texture": "#0"}
			}
		},
		{
			"from": [6, 6.99, 6],
			"to": [9.99, 6.99, 9.99],
			"faces": {
				"north": {"uv": [13.25, 9, 14.7, 10.95], "rotation": 90, "texture": "#0"},
				"east": {"uv": [13.25, 9, 14.7, 10.95], "rotation": 90, "texture": "#0"},
				"south": {"uv": [13.25, 9, 14.7, 10.95], "rotation": 90, "texture": "#0"},
				"west": {"uv": [13.25, 9, 14.7, 10.95], "rotation": 90, "texture": "#0"},
				"up": {"uv": [11, 7, 14.95, 10.95], "rotation": 90, "texture": "#0"},
				"down": {"uv": [13.25, 9, 14.7, 10.95], "rotation": 90, "texture": "#0"}
			}
		},
		{
			"from": [6, 4, 6],
			"to": [10, 8, 10],
			"faces": {
				"north": {"uv": [11, 1, 15, 5], "rotation": 90, "texture": "#0"},
				"east": {"uv": [11, 1, 15, 5], "rotation": 90, "texture": "#0"},
				"south": {"uv": [11, 1, 15, 5], "rotation": 90, "texture": "#0"},
				"west": {"uv": [11, 1, 15, 5], "rotation": 90, "texture": "#0"},
				"up": {"uv": [7, 1, 11, 5], "texture": "#0"},
				"down": {"uv": [0, 0, 4, 4], "rotation": 180, "texture": "#0"}
			}
		},
		{
			"from": [7.5, 0, 7.5],
			"to": [8.5, 4, 8.5],
			"faces": {
				"north": {"uv": [15, 5, 16, 8], "texture": "#0"},
				"east": {"uv": [0, 5, 1, 8], "texture": "#0"},
				"south": {"uv": [15, 5, 16, 8], "texture": "#0"},
				"west": {"uv": [0, 8, 1, 11], "texture": "#0"},
				"up": {"uv": [9, 9, 9.5, 7.5], "texture": "#0"},
				"down": {"uv": [5, 5, 5.5, 5.5], "texture": "#0"}
			}
		}
	],
	"display": {
		"thirdperson_righthand": {
			"rotation": [45.75, 0, 0],
			"translation": [-0.75, 2.25, 3.25],
			"scale": [0.9, 0.9, 0.9]
		},
		"thirdperson_lefthand": {
			"rotation": [39.25, 0, 0],
			"translation": [0.75, 2.25, 2.75],
			"scale": [0.9, 0.9, 0.9]
		},
		"firstperson_righthand": {
			"translation": [-0.5, 4.75, 1.25]
		},
		"firstperson_lefthand": {
			"translation": [-0.5, 4.75, 1.25]
		},
		"ground": {
			"translation": [0, 5, 0]
		},
		"gui": {
			"rotation": [35.63, -37.06, 19.44],
			"translation": [-1.5, 3.75, 0]
		},
		"head": {
			"translation": [2, 8.25, 2],
			"scale": [4, 0.23438, 4]
		},
		"fixed": {
			"rotation": [-90, 0, 0],
			"translation": [0, 0, -13.25],
			"scale": [1.61, 1.63, 1.64]
		}
	},
	"groups": [
		{
			"name": "group",
			"origin": [0, 0, 0],
			"color": 0,
			"children": []
		},
		0,
		1,
		2,
		3
	]
}