{
	"credit": "__Medved",
	"textures": {
		"5": "./glaszzzzzzz"
	},
	"elements": [
		{
			"from": [6, 5, 5],
			"to": [10, 5, 9],
			"rotation": {"angle": 0, "axis": "y", "origin": [-0.5, 10.9, -0.5]},
			"faces": {
				"north": {"uv": [15, 3, 13, 1], "texture": "#5"},
				"east": {"uv": [15, 3, 13, 1], "texture": "#5"},
				"south": {"uv": [15, 3, 13, 1], "texture": "#5"},
				"west": {"uv": [15, 3, 13, 1], "texture": "#5"},
				"up": {"uv": [8, 9, 4, 5], "texture": "#5"},
				"down": {"uv": [8, 9, 4, 5], "texture": "#5"}
			}
		},
		{
			"from": [7.2, 2.2, 5.9],
			"to": [9.2, 4.2, 6.9],
			"rotation": {"angle": 22.5, "axis": "z", "origin": [0, -0.1, 0]},
			"faces": {
				"north": {"uv": [7, 1, 5, 3], "texture": "#5"},
				"east": {"uv": [7, 1, 6, 3], "texture": "#5"},
				"south": {"uv": [7, 3, 5, 5], "texture": "#5"},
				"west": {"uv": [7, 3, 6, 5], "texture": "#5"},
				"up": {"uv": [7, 1, 6, 2], "texture": "#5"},
				"down": {"uv": [7, 4, 5, 5], "texture": "#5"}
			}
		},
		{
			"from": [6, 0, 5],
			"to": [10, 6, 9],
			"rotation": {"angle": 0, "axis": "z", "origin": [-0.5, 0, -0.5]},
			"faces": {
				"north": {"uv": [8, 6, 12, 0.025], "rotation": 180, "texture": "#5"},
				"east": {"uv": [12, 6, 16, 0.025], "rotation": 180, "texture": "#5"},
				"south": {"uv": [8, 6, 12, 0.025], "rotation": 180, "texture": "#5"},
				"west": {"uv": [12, 6, 16, 0.025], "rotation": 180, "texture": "#5"},
				"up": {"uv": [0, 0, 4, 3.95], "rotation": 180, "texture": "#5"},
				"down": {"uv": [0, 4, 4, 7.95], "rotation": 180, "texture": "#5"}
			}
		}
	],
	"display": {
		"thirdperson_righthand": {
			"rotation": [58.48, -59.75, 1.69],
			"translation": [0, 2.5, 3.5],
			"scale": [0.9, 0.9, 0.9]
		},
		"thirdperson_lefthand": {
			"rotation": [67.5, 51.5, 0],
			"translation": [0, 2.25, 4.25],
			"scale": [0.9, 0.9, 0.9]
		},
		"firstperson_righthand": {
			"rotation": [-180, -7.5, -180],
			"translation": [-1.75, 7.75, 2]
		},
		"firstperson_lefthand": {
			"rotation": [-180, -7.5, -180],
			"translation": [-1.75, 7.75, 2]
		},
		"ground": {
			"translation": [0, 4.25, 0]
		},
		"gui": {
			"rotation": [-169.57, 4.52, 150.17],
			"translation": [-2.75, 3.5, 0],
			"scale": [0.99, 0.98, 0.98]
		},
		"head": {
			"rotation": [-65.07, 2.58, 91.44],
			"translation": [10.5, -13.25, -15.25],
			"scale": [4, 0, 4]
		},
		"fixed": {
			"rotation": [-90.5, 0, 0],
			"translation": [0, 2, -16],
			"scale": [2, 2, 2]
		}
	}
}