{
	"credit": "__Medved",
	"texture_size": [32, 32],
	"textures": {
		"0": "./gfgfgfgfete",
		"particle": "./gfgfgfgfete"
	},
	"elements": [
		{
			"from": [6, 0, 6],
			"to": [10, 6, 10],
			"faces": {
				"north": {"uv": [0, 0, 4, 6], "texture": "#0"},
				"east": {"uv": [0, 0, 3.95, 6], "texture": "#0"},
				"south": {"uv": [5, 0, 9, 6], "texture": "#0"},
				"west": {"uv": [1, 0, 4.9, 6], "texture": "#0"},
				"up": {"uv": [0, 5, 4, 9], "texture": "#0"},
				"down": {"uv": [4, 5, 8, 9], "texture": "#0"}
			}
		}
	],
	"display": {
		"thirdperson_righthand": {
			"rotation": [-120, 0, -180],
			"translation": [0, 2.5, 3],
			"scale": [0.9, 0.9, 0.9]
		},
		"thirdperson_lefthand": {
			"rotation": [-120, 0, -180],
			"translation": [0, 1.25, 1.75],
			"scale": [0.5, 0.56, 0.5]
		},
		"firstperson_righthand": {
			"rotation": [0, 180, 0],
			"translation": [-2.25, 6.5, 2.75]
		},
		"firstperson_lefthand": {
			"rotation": [0, 180, 0],
			"translation": [-2.25, 6.5, 2.75]
		},
		"ground": {
			"translation": [0, 5, 0]
		},
		"gui": {
			"rotation": [-154.08, -25.24, 152.41],
			"translation": [-1.5, 2.75, 0]
		},
		"head": {
			"translation": [-2, 9.5, 0],
			"scale": [4, 2.38672, 4]
		},
		"fixed": {
			"rotation": [-90, 0, 0],
			"translation": [0, 0, -16],
			"scale": [2, 2, 2]
		}
	}
}