{
	"credit": "__Medved",
	"texture_size": [32, 32],
	"textures": {
		"1": "./glarrhrggweegwg",
		"particle": "./light_kakish"
	},
	"elements": [
		{
			"from": [6, 0, 6],
			"to": [10, 4, 10],
			"faces": {
				"north": {"uv": [0.05, 12, 4, 16], "rotation": 270, "texture": "#1"},
				"east": {"uv": [0.05, 12, 4, 16], "rotation": 270, "texture": "#1"},
				"south": {"uv": [0.05, 12, 4, 16], "rotation": 270, "texture": "#1"},
				"west": {"uv": [0.05, 12, 4, 16], "rotation": 270, "texture": "#1"},
				"up": {"uv": [0, 0, 4, 4], "texture": "#1"},
				"down": {"uv": [0, 12, 4, 16], "texture": "#1"}
			}
		},
		{
			"from": [6, 3, 6],
			"to": [10, 3, 10],
			"faces": {
				"north": {"uv": [15.05, 12, 16, 16], "rotation": 270, "texture": "#1"},
				"east": {"uv": [15.05, 5, 16, 9], "rotation": 270, "texture": "#1"},
				"south": {"uv": [15.05, 5, 16, 9], "rotation": 270, "texture": "#1"},
				"west": {"uv": [15.05, 12, 16, 16], "rotation": 270, "texture": "#1"},
				"up": {"uv": [4, 1, 8, 5], "texture": "#1"},
				"down": {"uv": [0, 12, 4, 16], "texture": "#1"}
			}
		}
	],
	"display": {
		"thirdperson_righthand": {
			"rotation": [67, 0, 0],
			"translation": [0, 2.75, 4.25],
			"scale": [0.9, 0.9, 0.9]
		},
		"thirdperson_lefthand": {
			"rotation": [67, 0, 0],
			"translation": [-0.25, 2.75, 4.25],
			"scale": [0.9, 0.9, 0.9]
		},
		"firstperson_righthand": {
			"translation": [1.25, 7.75, 0]
		},
		"firstperson_lefthand": {
			"translation": [1.25, 7.75, 0]
		},
		"ground": {
			"translation": [0, 4.25, 0]
		},
		"gui": {
			"rotation": [13.83, 38.17, 25],
			"translation": [-2.5, 6.25, 0],
			"scale": [1.3, 1.3, 1.3]
		},
		"head": {
			"translation": [0, 19.5, 0],
			"scale": [4, 3.36523, 4]
		},
		"fixed": {
			"rotation": [-90, 0, 0],
			"translation": [0, 0, -12],
			"scale": [1.5, 1.5, 1.5]
		}
	}
}