{
	"credit": "Made with Blockbench",
	"textures": {
		"1": "./adrenalinerush"
	},
	"elements": [
		{
			"from": [7, 0, 4],
			"to": [9, 2, 10],
			"faces": {
				"north": {"uv": [6, 0, 8, 2], "texture": "#1"},
				"east": {"uv": [0, 0, 6, 2], "texture": "#1"},
				"south": {"uv": [6, 2, 8, 4], "texture": "#1"},
				"west": {"uv": [0, 2, 6, 4], "texture": "#1"},
				"up": {"uv": [2, 10, 0, 4], "texture": "#1"},
				"down": {"uv": [4, 4, 2, 10], "texture": "#1"}
			}
		},
		{
			"from": [8, 0.5, 3],
			"to": [8, 1.5, 15],
			"faces": {
				"north": {"uv": [0, 0, 0, 1], "texture": "#1"},
				"east": {"uv": [16, 6, 4, 7], "texture": "#1"},
				"south": {"uv": [0, 0, 0, 1], "texture": "#1"},
				"west": {"uv": [4, 5, 16, 6], "texture": "#1"},
				"up": {"uv": [0, 10, 0, 0], "texture": "#1"},
				"down": {"uv": [0, 0, 0, 10], "texture": "#1"}
			}
		},
		{
			"from": [7, 0.5, 1],
			"to": [9, 1.5, 3],
			"faces": {
				"north": {"uv": [8, 0, 10, 1], "texture": "#1"},
				"east": {"uv": [8, 1, 10, 2], "texture": "#1"},
				"south": {"uv": [8, 2, 10, 3], "texture": "#1"},
				"west": {"uv": [8, 3, 10, 4], "texture": "#1"},
				"up": {"uv": [6, 9, 4, 7], "texture": "#1"},
				"down": {"uv": [8, 6, 6, 8], "texture": "#1"}
			}
		}
	],
	"display": {
		"thirdperson_righthand": {
			"rotation": [-169.08, -46.05, 136.41],
			"translation": [-7.25, 3.25, 1.75]
		},
		"thirdperson_lefthand": {
			"rotation": [-169.08, -46.05, 136.41],
			"translation": [-7.25, 3.25, 1.75]
		},
		"firstperson_righthand": {
			"rotation": [-138.92, -38.51, -11.84],
			"translation": [-0.5, -1.25, -4.75]
		},
		"firstperson_lefthand": {
			"rotation": [-138.92, -38.51, -11.84],
			"translation": [-0.5, -1.25, -4.75]
		},
		"ground": {
			"translation": [0, 5, 0]
		},
		"gui": {
			"rotation": [-57.84, 29.12, 22.23],
			"translation": [-2, 4.5, 0]
		},
		"head": {
			"translation": [0.75, -12.75, -8.25]
		},
		"fixed": {
			"rotation": [-90, -9.5, 0],
			"translation": [0, 0, -16],
			"scale": [2, 2, 2]
		}
	}
}