{
	"credit": "__Medved",
	"textures": {
		"1": "./fvfffffffglass"
	},
	"elements": [
		{
			"from": [6, 8, 6],
			"to": [10, 8, 10],
			"faces": {
				"north": {"uv": [14, 10, 16, 16], "texture": "#1"},
				"east": {"uv": [14, 10, 16, 16], "texture": "#1"},
				"south": {"uv": [14, 10, 16, 16], "texture": "#1"},
				"west": {"uv": [14, 10, 16, 16], "texture": "#1"},
				"up": {"uv": [13, 1, 15, 3], "texture": "#1"},
				"down": {"uv": [14, 14, 16, 16], "texture": "#1"}
			}
		},
		{
			"from": [1.55, 10, 6.95],
			"to": [3.55, 12, 7.95],
			"rotation": {"angle": -22.5, "axis": "z", "origin": [0, 0, 0]},
			"faces": {
				"north": {"uv": [14, 8, 16, 10], "texture": "#1"},
				"east": {"uv": [14, 8, 15, 10], "texture": "#1"},
				"south": {"uv": [12, 8, 14, 10], "texture": "#1"},
				"west": {"uv": [15, 8, 16, 10], "texture": "#1"},
				"up": {"uv": [12, 8, 13, 10], "rotation": 90, "texture": "#1"},
				"down": {"uv": [14, 8, 15, 10], "rotation": 270, "texture": "#1"}
			}
		},
		{
			"from": [6, 0, 6],
			"to": [10, 9, 10],
			"faces": {
				"north": {"uv": [4, 7, 8, 16], "texture": "#1"},
				"east": {"uv": [4, 7, 8, 16], "texture": "#1"},
				"south": {"uv": [4, 7, 8, 16], "texture": "#1"},
				"west": {"uv": [4, 7, 8, 16], "texture": "#1"},
				"up": {"uv": [8, 0, 12, 4], "texture": "#1"},
				"down": {"uv": [12, 0, 16, 4], "texture": "#1"}
			}
		}
	],
	"display": {
		"thirdperson_righthand": {
			"rotation": [58, 0, 0],
			"translation": [-0.25, 1.5, 2.5],
			"scale": [0.9, 0.9, 0.9]
		},
		"thirdperson_lefthand": {
			"rotation": [58, 0, 0],
			"translation": [0, 1.5, 2.5],
			"scale": [0.9, 0.9, 0.9]
		},
		"firstperson_righthand": {
			"translation": [1.25, 3.5, 0]
		},
		"firstperson_lefthand": {
			"translation": [1.25, 3.5, 0]
		},
		"ground": {
			"translation": [0, 5, 0]
		},
		"gui": {
			"rotation": [-173.73, -19.61, -152.67],
			"translation": [1.75, 3.5, 0]
		},
		"head": {
			"translation": [0, 5, 0],
			"scale": [4, 4, 4]
		},
		"fixed": {
			"rotation": [-90, 0, 0],
			"translation": [0, 0, -13.5],
			"scale": [1.7, 1.7, 1.7]
		}
	},
	"groups": [
		0,
		1,
		{
			"name": "group",
			"origin": [0, 0, 0],
			"color": 0,
			"children": [2]
		}
	]
}