{
	"credit": "Made with Blockbench",
	"texture_size": [32, 32],
	"textures": {
		"0": "rysskaya_vodka",
		"particle": "rysskaya_vodka"
	},
	"elements": [
		{
			"from": [6, 0, 6],
			"to": [10, 10, 10],
			"rotation": {"angle": 0, "axis": "y", "origin": [6, 0, 6]},
			"faces": {
				"north": {"uv": [0, 0, 2, 5], "texture": "#0"},
				"east": {"uv": [2, 0, 4, 5], "texture": "#0"},
				"south": {"uv": [4, 0, 6, 5], "texture": "#0"},
				"west": {"uv": [0, 5, 2, 10], "texture": "#0"},
				"up": {"uv": [4, 7, 2, 5], "texture": "#0"},
				"down": {"uv": [6, 5, 4, 7], "texture": "#0"}
			}
		},
		{
			"from": [7, 10, 7],
			"to": [9, 14, 9],
			"rotation": {"angle": 0, "axis": "y", "origin": [6, 10, 6]},
			"faces": {
				"north": {"uv": [6, 0, 7, 2], "texture": "#0"},
				"east": {"uv": [6, 2, 7, 4], "texture": "#0"},
				"south": {"uv": [6, 4, 7, 6], "texture": "#0"},
				"west": {"uv": [6, 6, 7, 8], "texture": "#0"},
				"up": {"uv": [8, 1, 7, 0], "texture": "#0"},
				"down": {"uv": [8, 1, 7, 2], "texture": "#0"}
			}
		}
	],
	"display": {
		"thirdperson_righthand": {
			"rotation": [0, 117, 0],
			"translation": [-0.75, 2, 0],
			"scale": [0.8, 0.8, 0.8]
		},
		"thirdperson_lefthand": {
			"rotation": [0, 117, 0],
			"translation": [-0.75, 2, 0],
			"scale": [0.8, 0.8, 0.8]
		},
		"firstperson_righthand": {
			"rotation": [0, 103, 0],
			"translation": [10.75, 1.75, -8.75]
		},
		"firstperson_lefthand": {
			"rotation": [0, 103, 0],
			"translation": [10.75, 1.75, -8.75]
		},
		"ground": {
			"rotation": [-90, -180, 0],
			"translation": [0.25, -1.25, -1.25]
		},
		"gui": {
			"rotation": [15.25, -136, 0],
			"translation": [0, 1.75, 0]
		},
		"fixed": {
			"rotation": [-90, 0, 0],
			"translation": [0, 0, -16],
			"scale": [2, 2, 2]
		}
	}
}